"","Unadjusted_p","FDR","Pathway"
"PWY.7282:4.amino.2.methyl.5.phosphomethylpyrimidine.biosynthesis.(yeast)",0.0219563422563042,1,"PWY.7282:4.amino.2.methyl.5.phosphomethylpyrimidine.biosynthesis.(yeast)"
"PYRIDOXSYN.PWY:pyridoxal.5'.phosphate.biosynthesis.I",0.0242464861509069,1,"PYRIDOXSYN.PWY:pyridoxal.5'.phosphate.biosynthesis.I"
"PWY0.845:superpathway.of.pyridoxal.5'.phosphate.biosynthesis.and.salvage",0.0271433979795702,1,"PWY0.845:superpathway.of.pyridoxal.5'.phosphate.biosynthesis.and.salvage"
"PWY.5723:Rubisco.shunt",0.0277288393864127,1,"PWY.5723:Rubisco.shunt"
"PWY.6470:peptidoglycan.biosynthesis.V.(&beta;.lactam.resistance)",0.0384143238141604,1,"PWY.6470:peptidoglycan.biosynthesis.V.(&beta;.lactam.resistance)"
"P162.PWY:L.glutamate.degradation.V.(via.hydroxyglutarate)",0.0384143238141604,1,"P162.PWY:L.glutamate.degradation.V.(via.hydroxyglutarate)"
"PWY.241:C4.photosynthetic.carbon.assimilation.cycle..NADP.ME.type",0.0460002149164827,1,"PWY.241:C4.photosynthetic.carbon.assimilation.cycle..NADP.ME.type"
"PWY.6901:superpathway.of.glucose.and.xylose.degradation",0.0567622527984719,1,"PWY.6901:superpathway.of.glucose.and.xylose.degradation"
"KETOGLUCONMET.PWY:ketogluconate.metabolism",0.0742703839322665,1,"KETOGLUCONMET.PWY:ketogluconate.metabolism"
"PWY.7117:C4.photosynthetic.carbon.assimilation.cycle..PEPCK.type",0.0759043996623068,1,"PWY.7117:C4.photosynthetic.carbon.assimilation.cycle..PEPCK.type"
"PYRIDNUCSAL.PWY:NAD.salvage.pathway.I",0.0797251955374254,1,"PYRIDNUCSAL.PWY:NAD.salvage.pathway.I"
"PWY.8131:5'.deoxyadenosine.degradation.II",0.0797251955374254,1,"PWY.8131:5'.deoxyadenosine.degradation.II"
"PWY.7616:methanol.oxidation.to.carbon.dioxide",0.0797251955374254,1,"PWY.7616:methanol.oxidation.to.carbon.dioxide"
"PWY0.1241:ADP.L.glycero.&beta;.D.manno.heptose.biosynthesis",0.124020705237068,1,"PWY0.1241:ADP.L.glycero.&beta;.D.manno.heptose.biosynthesis"
"PWY.821:superpathway.of.sulfur.amino.acid.biosynthesis.(Saccharomyces.cerevisiae)",0.125234246135817,1,"PWY.821:superpathway.of.sulfur.amino.acid.biosynthesis.(Saccharomyces.cerevisiae)"
"PWY66.389:phytol.degradation",0.125234246135817,1,"PWY66.389:phytol.degradation"
"PWY.6387:UDP.N.acetylmuramoyl.pentapeptide.biosynthesis.I.(meso.diaminopimelate.containing)",0.126147401015694,1,"PWY.6387:UDP.N.acetylmuramoyl.pentapeptide.biosynthesis.I.(meso.diaminopimelate.containing)"
"PWY.6386:UDP.N.acetylmuramoyl.pentapeptide.biosynthesis.II.(lysine.containing)",0.126147401015694,1,"PWY.6386:UDP.N.acetylmuramoyl.pentapeptide.biosynthesis.II.(lysine.containing)"
"PWY.7237:myo...chiro..and.scillo.inositol.degradation",0.128090227559768,1,"PWY.7237:myo...chiro..and.scillo.inositol.degradation"
"PWY.5083:NAD/NADH.phosphorylation.and.dephosphorylation",0.130924733738324,1,"PWY.5083:NAD/NADH.phosphorylation.and.dephosphorylation"
"PEPTIDOGLYCANSYN.PWY:peptidoglycan.biosynthesis.I.(meso.diaminopimelate.containing)",0.136974224446085,1,"PEPTIDOGLYCANSYN.PWY:peptidoglycan.biosynthesis.I.(meso.diaminopimelate.containing)"
"GLYCOCAT.PWY:glycogen.degradation.I.(bacterial)",0.14175499997159,1,"GLYCOCAT.PWY:glycogen.degradation.I.(bacterial)"
"PWY.2723:trehalose.degradation.V",0.14175499997159,1,"PWY.2723:trehalose.degradation.V"
"DAPLYSINESYN.PWY:L.lysine.biosynthesis.I",0.144053645021458,1,"DAPLYSINESYN.PWY:L.lysine.biosynthesis.I"
"PWY.6385:peptidoglycan.biosynthesis.III.(mycobacteria)",0.148479991170565,1,"PWY.6385:peptidoglycan.biosynthesis.III.(mycobacteria)"
"HSERMETANA.PWY:L.methionine.biosynthesis.III",0.148479991170565,1,"HSERMETANA.PWY:L.methionine.biosynthesis.III"
"COBALSYN.PWY:adenosylcobalamin.salvage.from.cobinamide.I",0.152030943166145,1,"COBALSYN.PWY:adenosylcobalamin.salvage.from.cobinamide.I"
"PWY.7198:pyrimidine.deoxyribonucleotides.de.novo.biosynthesis.IV",0.162799326829136,1,"PWY.7198:pyrimidine.deoxyribonucleotides.de.novo.biosynthesis.IV"
"PWY.7456:&beta;.(1.4).mannan.degradation",0.164394222391658,1,"PWY.7456:&beta;.(1.4).mannan.degradation"
"PWY.6471:peptidoglycan.biosynthesis.IV.(Enterococcus.faecium)",0.164394222391658,1,"PWY.6471:peptidoglycan.biosynthesis.IV.(Enterococcus.faecium)"
"PWY.5136:fatty.acid.&beta;.oxidation.II.(plant.peroxisome)",0.164394222391658,1,"PWY.5136:fatty.acid.&beta;.oxidation.II.(plant.peroxisome)"
"HEMESYN2.PWY:heme.b.biosynthesis.II.(oxygen.independent)",0.164394222391658,1,"HEMESYN2.PWY:heme.b.biosynthesis.II.(oxygen.independent)"
"GLYCOLYSIS.TCA.GLYOX.BYPASS:superpathway.of.glycolysis..pyruvate.dehydrogenase..TCA..and.glyoxylate.bypass",0.164394222391658,1,"GLYCOLYSIS.TCA.GLYOX.BYPASS:superpathway.of.glycolysis..pyruvate.dehydrogenase..TCA..and.glyoxylate.bypass"
"PWY66.398:TCA.cycle.III.(animals)",0.164394222391658,1,"PWY66.398:TCA.cycle.III.(animals)"
"PWY.7688:dTDP.&alpha;.D.ravidosamine.and.dTDP.4.acetyl.&alpha;.D.ravidosamine.biosynthesis",0.164394222391658,1,"PWY.7688:dTDP.&alpha;.D.ravidosamine.and.dTDP.4.acetyl.&alpha;.D.ravidosamine.biosynthesis"
"TCA.GLYOX.BYPASS:superpathway.of.glyoxylate.bypass.and.TCA",0.164394222391658,1,"TCA.GLYOX.BYPASS:superpathway.of.glyoxylate.bypass.and.TCA"
"PWY66.391:fatty.acid.&beta;.oxidation.VI.(mammalian.peroxisome)",0.164394222391658,1,"PWY66.391:fatty.acid.&beta;.oxidation.VI.(mammalian.peroxisome)"
"P621.PWY:nylon.6.oligomer.degradation",0.164394222391658,1,"P621.PWY:nylon.6.oligomer.degradation"
"PWY.5345:superpathway.of.L.methionine.biosynthesis.(by.sulfhydrylation)",0.182066269771778,1,"PWY.5345:superpathway.of.L.methionine.biosynthesis.(by.sulfhydrylation)"
"PWY.5100:pyruvate.fermentation.to.acetate.and.lactate.II",0.187268401403014,1,"PWY.5100:pyruvate.fermentation.to.acetate.and.lactate.II"
"PWY.5177:glutaryl.CoA.degradation",0.194284942164641,1,"PWY.5177:glutaryl.CoA.degradation"
"PWY.6353:purine.nucleotides.degradation.II.(aerobic)",0.19569813913556,1,"PWY.6353:purine.nucleotides.degradation.II.(aerobic)"
"TRNA.CHARGING.PWY:tRNA.charging",0.201679436339622,1,"TRNA.CHARGING.PWY:tRNA.charging"
"PWY.6607:guanosine.nucleotides.degradation.I",0.218416562806934,1,"PWY.6607:guanosine.nucleotides.degradation.I"
"SULFATE.CYS.PWY:superpathway.of.sulfate.assimilation.and.cysteine.biosynthesis",0.233244495613229,1,"SULFATE.CYS.PWY:superpathway.of.sulfate.assimilation.and.cysteine.biosynthesis"
"GLYCOLYSIS.E.D:superpathway.of.glycolysis.and.Entner.Doudoroff",0.245389539910344,1,"GLYCOLYSIS.E.D:superpathway.of.glycolysis.and.Entner.Doudoroff"
"HEXITOLDEGSUPER.PWY:superpathway.of.hexitol.degradation.(bacteria)",0.250931040746018,1,"HEXITOLDEGSUPER.PWY:superpathway.of.hexitol.degradation.(bacteria)"
"PWY.6549:L.glutamine.biosynthesis.III",0.253488197206034,1,"PWY.6549:L.glutamine.biosynthesis.III"
"PWY4FS.7:phosphatidylglycerol.biosynthesis.I.(plastidic)",0.269997754764464,1,"PWY4FS.7:phosphatidylglycerol.biosynthesis.I.(plastidic)"
"PWY4FS.8:phosphatidylglycerol.biosynthesis.II.(non.plastidic)",0.269997754764464,1,"PWY4FS.8:phosphatidylglycerol.biosynthesis.II.(non.plastidic)"
"HEMESYN2.PWY:heme.biosynthesis.II.(anaerobic)",0.282690083225666,1,"HEMESYN2.PWY:heme.biosynthesis.II.(anaerobic)"
"PWY.6507:4.deoxy.L.threo.hex.4.enopyranuronate.degradation",0.299543243926459,1,"PWY.6507:4.deoxy.L.threo.hex.4.enopyranuronate.degradation"
"SALVADEHYPOX.PWY:adenosine.nucleotides.degradation.II",0.299543243926459,1,"SALVADEHYPOX.PWY:adenosine.nucleotides.degradation.II"
"PHOSLIPSYN.PWY:superpathway.of.phospholipid.biosynthesis.I.(bacteria)",0.302867871906294,1,"PHOSLIPSYN.PWY:superpathway.of.phospholipid.biosynthesis.I.(bacteria)"
"PWY.6123:inosine.5'.phosphate.biosynthesis.I",0.304590816047085,1,"PWY.6123:inosine.5'.phosphate.biosynthesis.I"
"SO4ASSIM.PWY:sulfate.reduction.I.(assimilatory)",0.306242153207507,1,"SO4ASSIM.PWY:sulfate.reduction.I.(assimilatory)"
"TEICHOICACID.PWY:teichoic.acid.(poly.glycerol).biosynthesis",0.313347644793331,1,"TEICHOICACID.PWY:teichoic.acid.(poly.glycerol).biosynthesis"
"PWY.6595:superpathway.of.guanosine.nucleotides.degradation.(plants)",0.318967062938127,1,"PWY.6595:superpathway.of.guanosine.nucleotides.degradation.(plants)"
"FERMENTATION.PWY:mixed.acid.fermentation",0.319290548692447,1,"FERMENTATION.PWY:mixed.acid.fermentation"
"PWY.6124:inosine.5'.phosphate.biosynthesis.II",0.324548174828994,1,"PWY.6124:inosine.5'.phosphate.biosynthesis.II"
"PWY.7315:dTDP.N.acetylthomosamine.biosynthesis",0.324548174828994,1,"PWY.7315:dTDP.N.acetylthomosamine.biosynthesis"
"PWY.6891:thiazole.biosynthesis.II.(Bacillus)",0.325821260421724,1,"PWY.6891:thiazole.biosynthesis.II.(Bacillus)"
"PENTOSE.P.PWY:pentose.phosphate.pathway",0.339009077467491,1,"PENTOSE.P.PWY:pentose.phosphate.pathway"
"PWY.2941:L.lysine.biosynthesis.II",0.340032168569414,1,"PWY.2941:L.lysine.biosynthesis.II"
"HEME.BIOSYNTHESIS.II:heme.biosynthesis.I.(aerobic)",0.341587260746035,1,"HEME.BIOSYNTHESIS.II:heme.biosynthesis.I.(aerobic)"
"GLYCOCAT.PWY:glycogen.degradation.I",0.350647889704459,1,"GLYCOCAT.PWY:glycogen.degradation.I"
"PWY.1269:CMP.3.deoxy.D.manno.octulosonate.biosynthesis",0.350647889704459,1,"PWY.1269:CMP.3.deoxy.D.manno.octulosonate.biosynthesis"
"ARGININE.SYN4.PWY:L.ornithine.biosynthesis.II",0.350647889704459,1,"ARGININE.SYN4.PWY:L.ornithine.biosynthesis.II"
"COBALSYN.PWY:superpathway.of.adenosylcobalamin.salvage.from.cobinamide.I",0.350647889704459,1,"COBALSYN.PWY:superpathway.of.adenosylcobalamin.salvage.from.cobinamide.I"
"PWY.7345:superpathway.of.anaerobic.sucrose.degradation",0.350647889704459,1,"PWY.7345:superpathway.of.anaerobic.sucrose.degradation"
"PWY.5840:superpathway.of.menaquinol.7.biosynthesis",0.350647889704459,1,"PWY.5840:superpathway.of.menaquinol.7.biosynthesis"
"PWY.5897:superpathway.of.menaquinol.11.biosynthesis",0.350647889704459,1,"PWY.5897:superpathway.of.menaquinol.11.biosynthesis"
"PWY.5898:superpathway.of.menaquinol.12.biosynthesis",0.350647889704459,1,"PWY.5898:superpathway.of.menaquinol.12.biosynthesis"
"PWY.5899:superpathway.of.menaquinol.13.biosynthesis",0.350647889704459,1,"PWY.5899:superpathway.of.menaquinol.13.biosynthesis"
"PWY.5497:purine.nucleobases.degradation.II.(anaerobic)",0.350647889704459,1,"PWY.5497:purine.nucleobases.degradation.II.(anaerobic)"
"PWY.5173:superpathway.of.acetyl.CoA.biosynthesis",0.350647889704459,1,"PWY.5173:superpathway.of.acetyl.CoA.biosynthesis"
"PWY.7312:dTDP.D.&beta;.fucofuranose.biosynthesis",0.350647889704459,1,"PWY.7312:dTDP.D.&beta;.fucofuranose.biosynthesis"
"PWY.4702:phytate.degradation.I",0.350647889704459,1,"PWY.4702:phytate.degradation.I"
"RUMP.PWY:formaldehyde.oxidation.I",0.350647889704459,1,"RUMP.PWY:formaldehyde.oxidation.I"
"P105.PWY:TCA.cycle.IV.(2.oxoglutarate.decarboxylase)",0.350647889704459,1,"P105.PWY:TCA.cycle.IV.(2.oxoglutarate.decarboxylase)"
"PWY.5837:2.carboxy.1.4.naphthoquinol.biosynthesis",0.350647889704459,1,"PWY.5837:2.carboxy.1.4.naphthoquinol.biosynthesis"
"PWY.7396:butanol.and.isobutanol.biosynthesis.(engineered)",0.350647889704459,1,"PWY.7396:butanol.and.isobutanol.biosynthesis.(engineered)"
"PWY66.430:myristate.biosynthesis.(mitochondria)",0.350647889704459,1,"PWY66.430:myristate.biosynthesis.(mitochondria)"
"PWY3O.4107:NAD.salvage.pathway.V.(PNC.V.cycle)",0.350647889704459,1,"PWY3O.4107:NAD.salvage.pathway.V.(PNC.V.cycle)"
"PYRIDNUCSAL.PWY:NAD.salvage.pathway.I.(PNC.VI.cycle)",0.350647889704459,1,"PYRIDNUCSAL.PWY:NAD.salvage.pathway.I.(PNC.VI.cycle)"
"PWY.561:superpathway.of.glyoxylate.cycle.and.fatty.acid.degradation",0.350647889704459,1,"PWY.561:superpathway.of.glyoxylate.cycle.and.fatty.acid.degradation"
"UDPNACETYLGALSYN.PWY:UDP.N.acetyl.D.glucosamine.biosynthesis.II",0.350647889704459,1,"UDPNACETYLGALSYN.PWY:UDP.N.acetyl.D.glucosamine.biosynthesis.II"
"PROPFERM.PWY:L.alanine.fermentation.to.propanoate.and.acetate",0.350647889704459,1,"PROPFERM.PWY:L.alanine.fermentation.to.propanoate.and.acetate"
"PWY.6961:L.ascorbate.degradation.II.(bacterial..aerobic)",0.350647889704459,1,"PWY.6961:L.ascorbate.degradation.II.(bacterial..aerobic)"
"NAD.BIOSYNTHESIS.II:NAD.salvage.pathway.II",0.350647889704459,1,"NAD.BIOSYNTHESIS.II:NAD.salvage.pathway.II"
"PWY.7094:fatty.acid.salvage",0.350647889704459,1,"PWY.7094:fatty.acid.salvage"
"PWY.7046:4.coumarate.degradation.(anaerobic)",0.350647889704459,1,"PWY.7046:4.coumarate.degradation.(anaerobic)"
"PROTOCATECHUATE.ORTHO.CLEAVAGE.PWY:protocatechuate.degradation.II.(ortho.cleavage.pathway)",0.350647889704459,1,"PROTOCATECHUATE.ORTHO.CLEAVAGE.PWY:protocatechuate.degradation.II.(ortho.cleavage.pathway)"
"P125.PWY:superpathway.of.(R.R).butanediol.biosynthesis",0.350647889704459,1,"P125.PWY:superpathway.of.(R.R).butanediol.biosynthesis"
"PWY3DJ.35471:L.ascorbate.biosynthesis.IV",0.350647889704459,1,"PWY3DJ.35471:L.ascorbate.biosynthesis.IV"
"PWY.4722:creatinine.degradation.II",0.350647889704459,1,"PWY.4722:creatinine.degradation.II"
"PWY.6895:superpathway.of.thiamin.diphosphate.biosynthesis.II",0.361567459874719,1,"PWY.6895:superpathway.of.thiamin.diphosphate.biosynthesis.II"
"PWY0.1261:anhydromuropeptides.recycling",0.361662740984182,1,"PWY0.1261:anhydromuropeptides.recycling"
"PWY.6143:CMP.pseudaminate.biosynthesis",0.361662740984182,1,"PWY.6143:CMP.pseudaminate.biosynthesis"
"PYRIDNUCSYN.PWY:NAD.biosynthesis.I.(from.aspartate)",0.371765620399409,1,"PYRIDNUCSYN.PWY:NAD.biosynthesis.I.(from.aspartate)"
"PWY.5347:superpathway.of.L.methionine.biosynthesis.(transsulfuration)",0.38748311879275,1,"PWY.5347:superpathway.of.L.methionine.biosynthesis.(transsulfuration)"
"ANAGLYCOLYSIS.PWY:glycolysis.III.(from.glucose)",0.389233298727313,1,"ANAGLYCOLYSIS.PWY:glycolysis.III.(from.glucose)"
"SER.GLYSYN.PWY:superpathway.of.L.serine.and.glycine.biosynthesis.I",0.389233298727313,1,"SER.GLYSYN.PWY:superpathway.of.L.serine.and.glycine.biosynthesis.I"
"PWY.6588:pyruvate.fermentation.to.acetone",0.389422615649894,1,"PWY.6588:pyruvate.fermentation.to.acetone"
"P161.PWY:acetylene.degradation",0.389422615649894,1,"P161.PWY:acetylene.degradation"
"PWY.6590:superpathway.of.Clostridium.acetobutylicum.acidogenic.fermentation",0.409889085748725,1,"PWY.6590:superpathway.of.Clostridium.acetobutylicum.acidogenic.fermentation"
"CENTFERM.PWY:pyruvate.fermentation.to.butanoate",0.409889085748725,1,"CENTFERM.PWY:pyruvate.fermentation.to.butanoate"
"PWY.2942:L.lysine.biosynthesis.III",0.412375778055245,1,"PWY.2942:L.lysine.biosynthesis.III"
"UDPNAGSYN.PWY:UDP.N.acetyl.D.glucosamine.biosynthesis.I",0.412375778055245,1,"UDPNAGSYN.PWY:UDP.N.acetyl.D.glucosamine.biosynthesis.I"
"NAGLIPASYN.PWY:lipid.IVA.biosynthesis",0.414397112455612,1,"NAGLIPASYN.PWY:lipid.IVA.biosynthesis"
"PWY.5136:fatty.acid.&beta;.oxidation.II.(peroxisome)",0.414397112455612,1,"PWY.5136:fatty.acid.&beta;.oxidation.II.(peroxisome)"
"DTDPRHAMSYN.PWY:dTDP.L.rhamnose.biosynthesis.I",0.419028947823661,1,"DTDPRHAMSYN.PWY:dTDP.L.rhamnose.biosynthesis.I"
"GLUCOSE1PMETAB.PWY:glucose.and.glucose.1.phosphate.degradation",0.424157811426517,1,"GLUCOSE1PMETAB.PWY:glucose.and.glucose.1.phosphate.degradation"
"CITRULBIO.PWY:L.citrulline.biosynthesis",0.424395850428858,1,"CITRULBIO.PWY:L.citrulline.biosynthesis"
"PWY.4984:urea.cycle",0.424395850428858,1,"PWY.4984:urea.cycle"
"PWY66.399:gluconeogenesis.III",0.42961981092277,1,"PWY66.399:gluconeogenesis.III"
"PWY.5659:GDP.mannose.biosynthesis",0.436289427525659,1,"PWY.5659:GDP.mannose.biosynthesis"
"FAO.PWY:fatty.acid.&beta;.oxidation.I",0.4423864638728,1,"FAO.PWY:fatty.acid.&beta;.oxidation.I"
"PWY.3841:folate.transformations.II",0.443929153588878,1,"PWY.3841:folate.transformations.II"
"P562.PWY:myo.inositol.degradation.I",0.444037004684855,1,"P562.PWY:myo.inositol.degradation.I"
"PWY.7328:superpathway.of.UDP.glucose.derived.O.antigen.building.blocks.biosynthesis",0.451069611690198,1,"PWY.7328:superpathway.of.UDP.glucose.derived.O.antigen.building.blocks.biosynthesis"
"OANTIGEN.PWY:O.antigen.building.blocks.biosynthesis.(E..coli)",0.460958749211566,1,"OANTIGEN.PWY:O.antigen.building.blocks.biosynthesis.(E..coli)"
"GLYCOGENSYNTH.PWY:glycogen.biosynthesis.I.(from.ADP.D.Glucose)",0.460958749211566,1,"GLYCOGENSYNTH.PWY:glycogen.biosynthesis.I.(from.ADP.D.Glucose)"
"PWY4LZ.257:superpathway.of.fermentation.(Chlamydomonas.reinhardtii)",0.463214051444565,1,"PWY4LZ.257:superpathway.of.fermentation.(Chlamydomonas.reinhardtii)"
"PWY.7357:thiamin.formation.from.pyrithiamine.and.oxythiamine.(yeast)",0.469653363347784,1,"PWY.7357:thiamin.formation.from.pyrithiamine.and.oxythiamine.(yeast)"
"METSYN.PWY:L.homoserine.and.L.methionine.biosynthesis",0.471296747964525,1,"METSYN.PWY:L.homoserine.and.L.methionine.biosynthesis"
"PWY.8004:Entner.Doudoroff.pathway.I",0.473869551683653,1,"PWY.8004:Entner.Doudoroff.pathway.I"
"POLYAMSYN.PWY:superpathway.of.polyamine.biosynthesis.I",0.482380368219674,1,"POLYAMSYN.PWY:superpathway.of.polyamine.biosynthesis.I"
"PWY.7220:adenosine.deoxyribonucleotides.de.novo.biosynthesis.II",0.486364763954452,1,"PWY.7220:adenosine.deoxyribonucleotides.de.novo.biosynthesis.II"
"PWY.7222:guanosine.deoxyribonucleotides.de.novo.biosynthesis.II",0.486364763954452,1,"PWY.7222:guanosine.deoxyribonucleotides.de.novo.biosynthesis.II"
"HOMOSER.METSYN.PWY:L.methionine.biosynthesis.I",0.499454956374661,1,"HOMOSER.METSYN.PWY:L.methionine.biosynthesis.I"
"PWY.6823:molybdopterin.biosynthesis",0.501489256916062,1,"PWY.6823:molybdopterin.biosynthesis"
"PWY.6305:putrescine.biosynthesis.IV",0.501489256916062,1,"PWY.6305:putrescine.biosynthesis.IV"
"PWY.6749:CMP.legionaminate.biosynthesis.I",0.504571546297365,1,"PWY.6749:CMP.legionaminate.biosynthesis.I"
"PWY.6270:isoprene.biosynthesis.I",0.512051113752968,1,"PWY.6270:isoprene.biosynthesis.I"
"PWY.7560:methylerythritol.phosphate.pathway.II",0.512051113752968,1,"PWY.7560:methylerythritol.phosphate.pathway.II"
"PWY0.1296:purine.ribonucleosides.degradation",0.512486352283095,1,"PWY0.1296:purine.ribonucleosides.degradation"
"1CMET2.PWY:N10.formyl.tetrahydrofolate.biosynthesis",0.523487177091227,1,"1CMET2.PWY:N10.formyl.tetrahydrofolate.biosynthesis"
"PWY.6317:galactose.degradation.I.(Leloir.pathway)",0.523487177091227,1,"PWY.6317:galactose.degradation.I.(Leloir.pathway)"
"PRPP.PWY:superpathway.of.histidine..purine..and.pyrimidine.biosynthesis",0.523998655936988,1,"PRPP.PWY:superpathway.of.histidine..purine..and.pyrimidine.biosynthesis"
"PWY.7115:C4.photosynthetic.carbon.assimilation.cycle..NAD.ME.type",0.523998655936988,1,"PWY.7115:C4.photosynthetic.carbon.assimilation.cycle..NAD.ME.type"
"PWY.7211:superpathway.of.pyrimidine.deoxyribonucleotides.de.novo.biosynthesis",0.523998655936988,1,"PWY.7211:superpathway.of.pyrimidine.deoxyribonucleotides.de.novo.biosynthesis"
"PWY.7254:TCA.cycle.VII.(acetate.producers)",0.523998655936988,1,"PWY.7254:TCA.cycle.VII.(acetate.producers)"
"PWY.7210:pyrimidine.deoxyribonucleotides.biosynthesis.from.CTP",0.523998655936988,1,"PWY.7210:pyrimidine.deoxyribonucleotides.biosynthesis.from.CTP"
"PWY.7385:1.3.propanediol.biosynthesis.(engineered)",0.523998655936988,1,"PWY.7385:1.3.propanediol.biosynthesis.(engineered)"
"GALACTITOLCAT.PWY:galactitol.degradation",0.523998655936988,1,"GALACTITOLCAT.PWY:galactitol.degradation"
"PWY.6122:5.aminoimidazole.ribonucleotide.biosynthesis.II",0.539298539584697,1,"PWY.6122:5.aminoimidazole.ribonucleotide.biosynthesis.II"
"PWY.6277:superpathway.of.5.aminoimidazole.ribonucleotide.biosynthesis",0.539298539584697,1,"PWY.6277:superpathway.of.5.aminoimidazole.ribonucleotide.biosynthesis"
"PWY.724:superpathway.of.L.lysine..L.threonine.and.L.methionine.biosynthesis.II",0.539298539584697,1,"PWY.724:superpathway.of.L.lysine..L.threonine.and.L.methionine.biosynthesis.II"
"ANAEROFRUCAT.PWY:homolactic.fermentation",0.539298539584697,1,"ANAEROFRUCAT.PWY:homolactic.fermentation"
"PWY.5188:tetrapyrrole.biosynthesis.I.(from.glutamate)",0.539298539584697,1,"PWY.5188:tetrapyrrole.biosynthesis.I.(from.glutamate)"
"PWY.6737:starch.degradation.V",0.55154450614939,1,"PWY.6737:starch.degradation.V"
"PWY.6897:thiamin.salvage.II",0.55154450614939,1,"PWY.6897:thiamin.salvage.II"
"MET.SAM.PWY:superpathway.of.S.adenosyl.L.methionine.biosynthesis",0.558345179380385,1,"MET.SAM.PWY:superpathway.of.S.adenosyl.L.methionine.biosynthesis"
"P108.PWY:pyruvate.fermentation.to.propanoate.I",0.568323001828471,1,"P108.PWY:pyruvate.fermentation.to.propanoate.I"
"RIBOSYN2.PWY:flavin.biosynthesis.I.(bacteria.and.plants)",0.575085375710953,1,"RIBOSYN2.PWY:flavin.biosynthesis.I.(bacteria.and.plants)"
"PWY.6803:phosphatidylcholine.acyl.editing",0.577155449664142,1,"PWY.6803:phosphatidylcholine.acyl.editing"
"PWY.6531:mannitol.cycle",0.577155449664142,1,"PWY.6531:mannitol.cycle"
"PWY.5088:L.glutamate.degradation.VIII.(to.propanoate)",0.577155449664142,1,"PWY.5088:L.glutamate.degradation.VIII.(to.propanoate)"
"PWY.6953:dTDP.3.acetamido.3.6.dideoxy.&alpha;.D.galactose.biosynthesis",0.577155449664142,1,"PWY.6953:dTDP.3.acetamido.3.6.dideoxy.&alpha;.D.galactose.biosynthesis"
"GLUTORN.PWY:L.ornithine.biosynthesis",0.580321366435765,1,"GLUTORN.PWY:L.ornithine.biosynthesis"
"PWY.7221:guanosine.ribonucleotides.de.novo.biosynthesis",0.594883930583728,1,"PWY.7221:guanosine.ribonucleotides.de.novo.biosynthesis"
"PWY.5973:cis.vaccenate.biosynthesis",0.594883930583728,1,"PWY.5973:cis.vaccenate.biosynthesis"
"PWY.7663:gondoate.biosynthesis.(anaerobic)",0.594883930583728,1,"PWY.7663:gondoate.biosynthesis.(anaerobic)"
"PWY.6608:guanosine.nucleotides.degradation.III",0.594883930583728,1,"PWY.6608:guanosine.nucleotides.degradation.III"
"PWY.I9:L.cysteine.biosynthesis.VI.(from.L.methionine)",0.59741843581626,1,"PWY.I9:L.cysteine.biosynthesis.VI.(from.L.methionine)"
"P164.PWY:purine.nucleobases.degradation.I.(anaerobic)",0.604086072518549,1,"P164.PWY:purine.nucleobases.degradation.I.(anaerobic)"
"PWY.6731:starch.degradation.III",0.604621205380748,1,"PWY.6731:starch.degradation.III"
"GLUCUROCAT.PWY:superpathway.of.&beta;.D.glucuronide.and.D.glucuronate.degradation",0.606993729240688,1,"GLUCUROCAT.PWY:superpathway.of.&beta;.D.glucuronide.and.D.glucuronate.degradation"
"GLUCARDEG.PWY:D.glucarate.degradation.I",0.609311635805372,1,"GLUCARDEG.PWY:D.glucarate.degradation.I"
"FUCCAT.PWY:fucose.degradation",0.613898300354678,1,"FUCCAT.PWY:fucose.degradation"
"P441.PWY:superpathway.of.N.acetylneuraminate.degradation",0.614620907340603,1,"P441.PWY:superpathway.of.N.acetylneuraminate.degradation"
"GLUCONEO.PWY:gluconeogenesis.I",0.618630522445699,1,"GLUCONEO.PWY:gluconeogenesis.I"
"PWY.5667:CDP.diacylglycerol.biosynthesis.I",0.623594278712037,1,"PWY.5667:CDP.diacylglycerol.biosynthesis.I"
"PWY0.1319:CDP.diacylglycerol.biosynthesis.II",0.623594278712037,1,"PWY0.1319:CDP.diacylglycerol.biosynthesis.II"
"PWY.6126:superpathway.of.adenosine.nucleotides.de.novo.biosynthesis.II",0.623594278712037,1,"PWY.6126:superpathway.of.adenosine.nucleotides.de.novo.biosynthesis.II"
"PWY.6703:preQ0.biosynthesis",0.623594278712037,1,"PWY.6703:preQ0.biosynthesis"
"PWY.7238:sucrose.biosynthesis.II",0.631152046147772,1,"PWY.7238:sucrose.biosynthesis.II"
"P42.PWY:incomplete.reductive.TCA.cycle",0.631152046147772,1,"P42.PWY:incomplete.reductive.TCA.cycle"
"PWY.1861:formaldehyde.assimilation.II.(assimilatory.RuMP.Cycle)",0.632724724175418,1,"PWY.1861:formaldehyde.assimilation.II.(assimilatory.RuMP.Cycle)"
"PWY.7332:superpathway.of.UDP.N.acetylglucosamine.derived.O.antigen.building.blocks.biosynthesis",0.632724724175418,1,"PWY.7332:superpathway.of.UDP.N.acetylglucosamine.derived.O.antigen.building.blocks.biosynthesis"
"ALLANTOINDEG.PWY:superpathway.of.allantoin.degradation.in.yeast",0.632724724175418,1,"ALLANTOINDEG.PWY:superpathway.of.allantoin.degradation.in.yeast"
"PWY.7013:L.1.2.propanediol.degradation",0.632724724175418,1,"PWY.7013:L.1.2.propanediol.degradation"
"PWY.4981:L.proline.biosynthesis.II.(from.arginine)",0.639890816244522,1,"PWY.4981:L.proline.biosynthesis.II.(from.arginine)"
"METH.ACETATE.PWY:methanogenesis.from.acetate",0.645098101926971,1,"METH.ACETATE.PWY:methanogenesis.from.acetate"
"ARG+POLYAMINE.SYN:superpathway.of.arginine.and.polyamine.biosynthesis",0.645220144410001,1,"ARG+POLYAMINE.SYN:superpathway.of.arginine.and.polyamine.biosynthesis"
"PWY.7199:pyrimidine.deoxyribonucleosides.salvage",0.65287003041307,1,"PWY.7199:pyrimidine.deoxyribonucleosides.salvage"
"GALACTARDEG.PWY:D.galactarate.degradation.I",0.654481403615645,1,"GALACTARDEG.PWY:D.galactarate.degradation.I"
"GLUCARGALACTSUPER.PWY:superpathway.of.D.glucarate.and.D.galactarate.degradation",0.654481403615645,1,"GLUCARGALACTSUPER.PWY:superpathway.of.D.glucarate.and.D.galactarate.degradation"
"PWY.6629:superpathway.of.L.tryptophan.biosynthesis",0.654749244038902,1,"PWY.6629:superpathway.of.L.tryptophan.biosynthesis"
"ARGORNPROST.PWY:arginine..ornithine.and.proline.interconversion",0.654749244038902,1,"ARGORNPROST.PWY:arginine..ornithine.and.proline.interconversion"
"PWY0.781:aspartate.superpathway",0.654749244038902,1,"PWY0.781:aspartate.superpathway"
"P4.PWY:superpathway.of.L.lysine..L.threonine.and.L.methionine.biosynthesis.I",0.654749244038902,1,"P4.PWY:superpathway.of.L.lysine..L.threonine.and.L.methionine.biosynthesis.I"
"PWY.5005:biotin.biosynthesis.II",0.656409337862461,1,"PWY.5005:biotin.biosynthesis.II"
"PWY.7237:myo...chiro..and.scyllo.inositol.degradation",0.665672099999236,1,"PWY.7237:myo...chiro..and.scyllo.inositol.degradation"
"BRANCHED.CHAIN.AA.SYN.PWY:superpathway.of.branched.amino.acid.biosynthesis",0.670603772472011,1,"BRANCHED.CHAIN.AA.SYN.PWY:superpathway.of.branched.amino.acid.biosynthesis"
"POLYISOPRENSYN.PWY:polyisoprenoid.biosynthesis.(E..coli)",0.673399121993956,1,"POLYISOPRENSYN.PWY:polyisoprenoid.biosynthesis.(E..coli)"
"PWY.6305:superpathway.of.putrescine.biosynthesis",0.674368058231537,1,"PWY.6305:superpathway.of.putrescine.biosynthesis"
"COLANSYN.PWY:colanic.acid.building.blocks.biosynthesis",0.676394044766871,1,"COLANSYN.PWY:colanic.acid.building.blocks.biosynthesis"
"VALSYN.PWY:L.valine.biosynthesis",0.682673807575057,1,"VALSYN.PWY:L.valine.biosynthesis"
"PWY.6527:stachyose.degradation",0.682673807575057,1,"PWY.6527:stachyose.degradation"
"PWY.3001:superpathway.of.L.isoleucine.biosynthesis.I",0.682673807575057,1,"PWY.3001:superpathway.of.L.isoleucine.biosynthesis.I"
"PWY.3841:folate.transformations.II.(plants)",0.70091561702603,1,"PWY.3841:folate.transformations.II.(plants)"
"PWY.1042:glycolysis.IV",0.70091561702603,1,"PWY.1042:glycolysis.IV"
"PWY66.429:fatty.acid.biosynthesis.initiation.(mitochondria)",0.70091561702603,1,"PWY66.429:fatty.acid.biosynthesis.initiation.(mitochondria)"
"GOLPDLCAT.PWY:superpathway.of.glycerol.degradation.to.1.3.propanediol",0.701503104397263,1,"GOLPDLCAT.PWY:superpathway.of.glycerol.degradation.to.1.3.propanediol"
"PWY.5189:tetrapyrrole.biosynthesis.II.(from.glycine)",0.701503104397263,1,"PWY.5189:tetrapyrrole.biosynthesis.II.(from.glycine)"
"THISYNARA.PWY:superpathway.of.thiamin.diphosphate.biosynthesis.III.(eukaryotes)",0.701877286256576,1,"THISYNARA.PWY:superpathway.of.thiamin.diphosphate.biosynthesis.III.(eukaryotes)"
"PWY.621:sucrose.degradation.III.(sucrose.invertase)",0.708613725598203,1,"PWY.621:sucrose.degradation.III.(sucrose.invertase)"
"LACTOSECAT.PWY:lactose.and.galactose.degradation.I",0.712965124764759,1,"LACTOSECAT.PWY:lactose.and.galactose.degradation.I"
"PWY.7664:oleate.biosynthesis.IV.(anaerobic)",0.719431856043873,1,"PWY.7664:oleate.biosynthesis.IV.(anaerobic)"
"PWY0.1479:tRNA.processing",0.729331668360244,1,"PWY0.1479:tRNA.processing"
"GALACT.GLUCUROCAT.PWY:superpathway.of.hexuronide.and.hexuronate.degradation",0.731663947472117,1,"GALACT.GLUCUROCAT.PWY:superpathway.of.hexuronide.and.hexuronate.degradation"
"PWY.6151:S.adenosyl.L.methionine.cycle.I",0.733664044066558,1,"PWY.6151:S.adenosyl.L.methionine.cycle.I"
"PWY0.1298:superpathway.of.pyrimidine.deoxyribonucleosides.degradation",0.736611100487712,1,"PWY0.1298:superpathway.of.pyrimidine.deoxyribonucleosides.degradation"
"DTDPRHAMSYN.PWY:dTDP.&beta;.L.rhamnose.biosynthesis",0.736814931343811,1,"DTDPRHAMSYN.PWY:dTDP.&beta;.L.rhamnose.biosynthesis"
"GLUTORN.PWY:L.ornithine.biosynthesis.I",0.736814931343811,1,"GLUTORN.PWY:L.ornithine.biosynthesis.I"
"PWY.7323:superpathway.of.GDP.mannose.derived.O.antigen.building.blocks.biosynthesis",0.737648350949508,1,"PWY.7323:superpathway.of.GDP.mannose.derived.O.antigen.building.blocks.biosynthesis"
"ILEUSYN.PWY:L.isoleucine.biosynthesis.I.(from.threonine)",0.743702065375981,1,"ILEUSYN.PWY:L.isoleucine.biosynthesis.I.(from.threonine)"
"PWY.5484:glycolysis.II.(from.fructose.6.phosphate)",0.743702065375981,1,"PWY.5484:glycolysis.II.(from.fructose.6.phosphate)"
"THRESYN.PWY:superpathway.of.L.threonine.biosynthesis",0.743702065375981,1,"THRESYN.PWY:superpathway.of.L.threonine.biosynthesis"
"FASYN.ELONG.PWY:fatty.acid.elongation....saturated",0.751276046025495,1,"FASYN.ELONG.PWY:fatty.acid.elongation....saturated"
"PWY.6282:palmitoleate.biosynthesis.I.(from.(5Z).dodec.5.enoate)",0.751276046025495,1,"PWY.6282:palmitoleate.biosynthesis.I.(from.(5Z).dodec.5.enoate)"
"PWY.5989:stearate.biosynthesis.II.(bacteria.and.plants)",0.751276046025495,1,"PWY.5989:stearate.biosynthesis.II.(bacteria.and.plants)"
"PWY.6700:queuosine.biosynthesis",0.765914085740201,1,"PWY.6700:queuosine.biosynthesis"
"PWY.7953:UDP.N.acetylmuramoyl.pentapeptide.biosynthesis.III.(meso.diaminopimelate.containing)",0.773298070691289,1,"PWY.7953:UDP.N.acetylmuramoyl.pentapeptide.biosynthesis.III.(meso.diaminopimelate.containing)"
"COA.PWY:coenzyme.A.biosynthesis.I.(prokaryotic)",0.773298070691289,1,"COA.PWY:coenzyme.A.biosynthesis.I.(prokaryotic)"
"P41.PWY:pyruvate.fermentation.to.acetate.and.(S).lactate.I",0.773298070691289,1,"P41.PWY:pyruvate.fermentation.to.acetate.and.(S).lactate.I"
"PWY.6317:D.galactose.degradation.I.(Leloir.pathway)",0.773298070691289,1,"PWY.6317:D.galactose.degradation.I.(Leloir.pathway)"
"PWY.7388:octanoyl.[acyl.carrier.protein].biosynthesis.(mitochondria..yeast)",0.773298070691289,1,"PWY.7388:octanoyl.[acyl.carrier.protein].biosynthesis.(mitochondria..yeast)"
"ARGSYNBSUB.PWY:L.arginine.biosynthesis.II.(acetyl.cycle)",0.774840301727361,1,"ARGSYNBSUB.PWY:L.arginine.biosynthesis.II.(acetyl.cycle)"
"PANTO.PWY:phosphopantothenate.biosynthesis.I",0.774840301727361,1,"PANTO.PWY:phosphopantothenate.biosynthesis.I"
"HISTSYN.PWY:L.histidine.biosynthesis",0.774840301727361,1,"HISTSYN.PWY:L.histidine.biosynthesis"
"PWY.7234:inosine.5'.phosphate.biosynthesis.III",0.774840301727361,1,"PWY.7234:inosine.5'.phosphate.biosynthesis.III"
"PWY.6606:guanosine.nucleotides.degradation.II",0.774840301727361,1,"PWY.6606:guanosine.nucleotides.degradation.II"
"PPGPPMET.PWY:ppGpp.biosynthesis",0.779695556297016,1,"PPGPPMET.PWY:ppGpp.biosynthesis"
"GLYOXYLATE.BYPASS:glyoxylate.cycle",0.779695556297016,1,"GLYOXYLATE.BYPASS:glyoxylate.cycle"
"PWY1ZNC.1:assimilatory.sulfate.reduction.IV",0.79811705969647,1,"PWY1ZNC.1:assimilatory.sulfate.reduction.IV"
"PWY0.301:L.ascorbate.degradation.I.(bacterial..anaerobic)",0.79811705969647,1,"PWY0.301:L.ascorbate.degradation.I.(bacterial..anaerobic)"
"SO4ASSIM.PWY:assimilatory.sulfate.reduction.I",0.79811705969647,1,"SO4ASSIM.PWY:assimilatory.sulfate.reduction.I"
"PWY.5686:UMP.biosynthesis",0.798575036394493,1,"PWY.5686:UMP.biosynthesis"
"PWY66.422:D.galactose.degradation.V.(Leloir.pathway)",0.798575036394493,1,"PWY66.422:D.galactose.degradation.V.(Leloir.pathway)"
"PWY.7383:anaerobic.energy.metabolism.(invertebrates..cytosol)",0.801638711778207,1,"PWY.7383:anaerobic.energy.metabolism.(invertebrates..cytosol)"
"GALACTUROCAT.PWY:D.galacturonate.degradation.I",0.803376861651417,1,"GALACTUROCAT.PWY:D.galacturonate.degradation.I"
"PWY.6121:5.aminoimidazole.ribonucleotide.biosynthesis.I",0.80633377841523,1,"PWY.6121:5.aminoimidazole.ribonucleotide.biosynthesis.I"
"PWY.5097:L.lysine.biosynthesis.VI",0.80633377841523,1,"PWY.5097:L.lysine.biosynthesis.VI"
"COMPLETE.ARO.PWY:superpathway.of.aromatic.amino.acid.biosynthesis",0.80633377841523,1,"COMPLETE.ARO.PWY:superpathway.of.aromatic.amino.acid.biosynthesis"
"PWY.5686:UMP.biosynthesis.I",0.810289182639067,1,"PWY.5686:UMP.biosynthesis.I"
"PWY.7790:UMP.biosynthesis.II",0.810289182639067,1,"PWY.7790:UMP.biosynthesis.II"
"PWY.7791:UMP.biosynthesis.III",0.810289182639067,1,"PWY.7791:UMP.biosynthesis.III"
"PWY.6700:queuosine.biosynthesis.I.(de.novo)",0.810289182639067,1,"PWY.6700:queuosine.biosynthesis.I.(de.novo)"
"PANTOSYN.PWY:superpathway.of.coenzyme.A.biosynthesis.I.(bacteria)",0.810289182639067,1,"PANTOSYN.PWY:superpathway.of.coenzyme.A.biosynthesis.I.(bacteria)"
"1CMET2.PWY:folate.transformations.III.(E..coli)",0.810289182639067,1,"1CMET2.PWY:folate.transformations.III.(E..coli)"
"PWY.5695:inosine.5'.phosphate.degradation",0.810289182639067,1,"PWY.5695:inosine.5'.phosphate.degradation"
"PWY.7977:L.methionine.biosynthesis.IV",0.810289182639067,1,"PWY.7977:L.methionine.biosynthesis.IV"
"PWY.5981:CDP.diacylglycerol.biosynthesis.III",0.810289182639067,1,"PWY.5981:CDP.diacylglycerol.biosynthesis.III"
"PWY.5941:glycogen.degradation.II",0.810289182639067,1,"PWY.5941:glycogen.degradation.II"
"NONOXIPENT.PWY:pentose.phosphate.pathway.(non.oxidative.branch).I",0.810289182639067,1,"NONOXIPENT.PWY:pentose.phosphate.pathway.(non.oxidative.branch).I"
"PWY.7357:thiamine.phosphate.formation.from.pyrithiamine.and.oxythiamine.(yeast)",0.810289182639067,1,"PWY.7357:thiamine.phosphate.formation.from.pyrithiamine.and.oxythiamine.(yeast)"
"PWY.5265:peptidoglycan.biosynthesis.II.(staphylococci)",0.810289182639067,1,"PWY.5265:peptidoglycan.biosynthesis.II.(staphylococci)"
"THISYNARA.PWY:superpathway.of.thiamine.diphosphate.biosynthesis.III.(eukaryotes)",0.810289182639067,1,"THISYNARA.PWY:superpathway.of.thiamine.diphosphate.biosynthesis.III.(eukaryotes)"
"PWY.6630:superpathway.of.L.tyrosine.biosynthesis",0.818683174136152,1,"PWY.6630:superpathway.of.L.tyrosine.biosynthesis"
"PWY.7242:D.fructuronate.degradation",0.819525935644792,1,"PWY.7242:D.fructuronate.degradation"
"PWY.6285:superpathway.of.fatty.acids.biosynthesis.(E..coli)",0.822934220992531,1,"PWY.6285:superpathway.of.fatty.acids.biosynthesis.(E..coli)"
"PWY.5971:palmitate.biosynthesis.(type.II.fatty.acid.synthase)",0.822934220992531,1,"PWY.5971:palmitate.biosynthesis.(type.II.fatty.acid.synthase)"
"COA.PWY:coenzyme.A.biosynthesis.I",0.831592359285008,1,"COA.PWY:coenzyme.A.biosynthesis.I"
"PWY.6545:pyrimidine.deoxyribonucleotides.de.novo.biosynthesis.III",0.833087225595233,1,"PWY.6545:pyrimidine.deoxyribonucleotides.de.novo.biosynthesis.III"
"PWY0.162:superpathway.of.pyrimidine.ribonucleotides.de.novo.biosynthesis",0.833499631561117,1,"PWY0.162:superpathway.of.pyrimidine.ribonucleotides.de.novo.biosynthesis"
"PWY.6125:superpathway.of.guanosine.nucleotides.de.novo.biosynthesis.II",0.834170553561837,1,"PWY.6125:superpathway.of.guanosine.nucleotides.de.novo.biosynthesis.II"
"PWY.7208:superpathway.of.pyrimidine.nucleobases.salvage",0.834170553561837,1,"PWY.7208:superpathway.of.pyrimidine.nucleobases.salvage"
"PWY.7229:superpathway.of.adenosine.nucleotides.de.novo.biosynthesis.I",0.838134776780856,1,"PWY.7229:superpathway.of.adenosine.nucleotides.de.novo.biosynthesis.I"
"ASPASN.PWY:superpathway.of.L.aspartate.and.L.asparagine.biosynthesis",0.838134776780856,1,"ASPASN.PWY:superpathway.of.L.aspartate.and.L.asparagine.biosynthesis"
"GLUDEG.I.PWY:GABA.shunt",0.843262040083741,1,"GLUDEG.I.PWY:GABA.shunt"
"PWY.5022:4.aminobutanoate.degradation.V",0.843262040083741,1,"PWY.5022:4.aminobutanoate.degradation.V"
"BRANCHED.CHAIN.AA.SYN.PWY:superpathway.of.branched.chain.amino.acid.biosynthesis",0.847709003720626,1,"BRANCHED.CHAIN.AA.SYN.PWY:superpathway.of.branched.chain.amino.acid.biosynthesis"
"PWY.6151:S.adenosyl.L.methionine.salvage.I",0.847709003720626,1,"PWY.6151:S.adenosyl.L.methionine.salvage.I"
"PWY.8178:pentose.phosphate.pathway.(non.oxidative.branch).II",0.847709003720626,1,"PWY.8178:pentose.phosphate.pathway.(non.oxidative.branch).II"
"PYRIDNUCSYN.PWY:NAD.de.novo.biosynthesis.I.(from.aspartate)",0.847709003720626,1,"PYRIDNUCSYN.PWY:NAD.de.novo.biosynthesis.I.(from.aspartate)"
"PWY.6897:thiamine.diphosphate.salvage.II",0.847709003720626,1,"PWY.6897:thiamine.diphosphate.salvage.II"
"PWY.8187:L.arginine.degradation.XIII.(reductive.Stickland.reaction)",0.847709003720626,1,"PWY.8187:L.arginine.degradation.XIII.(reductive.Stickland.reaction)"
"PWY0.1586:peptidoglycan.maturation.(meso.diaminopimelate.containing)",0.851917755560635,1,"PWY0.1586:peptidoglycan.maturation.(meso.diaminopimelate.containing)"
"PWY.5505:L.glutamate.and.L.glutamine.biosynthesis",0.861075002830391,1,"PWY.5505:L.glutamate.and.L.glutamine.biosynthesis"
"PWY.7400:L.arginine.biosynthesis.IV.(archaebacteria)",0.864909627604199,1,"PWY.7400:L.arginine.biosynthesis.IV.(archaebacteria)"
"COA.PWY.1:coenzyme.A.biosynthesis.II.(mammalian)",0.864909627604199,1,"COA.PWY.1:coenzyme.A.biosynthesis.II.(mammalian)"
"PWY.6936:seleno.amino.acid.biosynthesis",0.864909627604199,1,"PWY.6936:seleno.amino.acid.biosynthesis"
"PWY.7228:superpathway.of.guanosine.nucleotides.de.novo.biosynthesis.I",0.86698877983567,1,"PWY.7228:superpathway.of.guanosine.nucleotides.de.novo.biosynthesis.I"
"DENOVOPURINE2.PWY:superpathway.of.purine.nucleotides.de.novo.biosynthesis.II",0.86980056701022,1,"DENOVOPURINE2.PWY:superpathway.of.purine.nucleotides.de.novo.biosynthesis.II"
"BIOTIN.BIOSYNTHESIS.PWY:biotin.biosynthesis.I",0.86980056701022,1,"BIOTIN.BIOSYNTHESIS.PWY:biotin.biosynthesis.I"
"PWY.6519:8.amino.7.oxononanoate.biosynthesis.I",0.86980056701022,1,"PWY.6519:8.amino.7.oxononanoate.biosynthesis.I"
"P161.PWY:acetylene.degradation.(anaerobic)",0.878026982220026,1,"P161.PWY:acetylene.degradation.(anaerobic)"
"PWY0.862:(5Z).dodec.5.enoate.biosynthesis",0.882112317822387,1,"PWY0.862:(5Z).dodec.5.enoate.biosynthesis"
"FASYN.INITIAL.PWY:superpathway.of.fatty.acid.biosynthesis.initiation.(E..coli)",0.882112317822387,1,"FASYN.INITIAL.PWY:superpathway.of.fatty.acid.biosynthesis.initiation.(E..coli)"
"HISDEG.PWY:L.histidine.degradation.I",0.884125261484153,1,"HISDEG.PWY:L.histidine.degradation.I"
"COA.PWY.1:superpathway.of.coenzyme.A.biosynthesis.III.(mammals)",0.88547536669774,1,"COA.PWY.1:superpathway.of.coenzyme.A.biosynthesis.III.(mammals)"
"PWY.7851:coenzyme.A.biosynthesis.II.(eukaryotic)",0.88547536669774,1,"PWY.7851:coenzyme.A.biosynthesis.II.(eukaryotic)"
"PWY.5941:glycogen.degradation.II.(eukaryotic)",0.88547536669774,1,"PWY.5941:glycogen.degradation.II.(eukaryotic)"
"PWY.7539:6.hydroxymethyl.dihydropterin.diphosphate.biosynthesis.III.(Chlamydia)",0.88826823893821,1,"PWY.7539:6.hydroxymethyl.dihydropterin.diphosphate.biosynthesis.III.(Chlamydia)"
"FUC.RHAMCAT.PWY:superpathway.of.fucose.and.rhamnose.degradation",0.88826823893821,1,"FUC.RHAMCAT.PWY:superpathway.of.fucose.and.rhamnose.degradation"
"PWY.5030:L.histidine.degradation.III",0.89557404733381,1,"PWY.5030:L.histidine.degradation.III"
"PWY.6892:thiazole.biosynthesis.I.(E..coli)",0.896724111978733,1,"PWY.6892:thiazole.biosynthesis.I.(E..coli)"
"PWY.5695:urate.biosynthesis/inosine.5'.phosphate.degradation",0.898468812973523,1,"PWY.5695:urate.biosynthesis/inosine.5'.phosphate.degradation"
"PANTOSYN.PWY:pantothenate.and.coenzyme.A.biosynthesis.I",0.898468812973523,1,"PANTOSYN.PWY:pantothenate.and.coenzyme.A.biosynthesis.I"
"NONOXIPENT.PWY:pentose.phosphate.pathway.(non.oxidative.branch)",0.898468812973523,1,"NONOXIPENT.PWY:pentose.phosphate.pathway.(non.oxidative.branch)"
"PWY0.1297:superpathway.of.purine.deoxyribonucleosides.degradation",0.898468812973523,1,"PWY0.1297:superpathway.of.purine.deoxyribonucleosides.degradation"
"P461.PWY:hexitol.fermentation.to.lactate..formate..ethanol.and.acetate",0.899629665283288,1,"P461.PWY:hexitol.fermentation.to.lactate..formate..ethanol.and.acetate"
"PWY.7197:pyrimidine.deoxyribonucleotide.phosphorylation",0.900037927832256,1,"PWY.7197:pyrimidine.deoxyribonucleotide.phosphorylation"
"ARGSYN.PWY:L.arginine.biosynthesis.I.(via.L.ornithine)",0.902462275054423,1,"ARGSYN.PWY:L.arginine.biosynthesis.I.(via.L.ornithine)"
"PWY.6163:chorismate.biosynthesis.from.3.dehydroquinate",0.902462275054423,1,"PWY.6163:chorismate.biosynthesis.from.3.dehydroquinate"
"POLYAMINSYN3.PWY:superpathway.of.polyamine.biosynthesis.II",0.916157686803492,1,"POLYAMINSYN3.PWY:superpathway.of.polyamine.biosynthesis.II"
"PWY.4041:&gamma;.glutamyl.cycle",0.917402104815946,1,"PWY.4041:&gamma;.glutamyl.cycle"
"PWY.5121:superpathway.of.geranylgeranyl.diphosphate.biosynthesis.II.(via.MEP)",0.921248362736515,1,"PWY.5121:superpathway.of.geranylgeranyl.diphosphate.biosynthesis.II.(via.MEP)"
"PWY.702:L.methionine.biosynthesis.II",0.921248362736515,1,"PWY.702:L.methionine.biosynthesis.II"
"PWYG.321:mycolate.biosynthesis",0.921248362736515,1,"PWYG.321:mycolate.biosynthesis"
"PWY.7282:4.amino.2.methyl.5.diphosphomethylpyrimidine.biosynthesis.II",0.923503740576363,1,"PWY.7282:4.amino.2.methyl.5.diphosphomethylpyrimidine.biosynthesis.II"
"NONMEVIPP.PWY:methylerythritol.phosphate.pathway.I",0.926939898351908,1,"NONMEVIPP.PWY:methylerythritol.phosphate.pathway.I"
"PWY.7219:adenosine.ribonucleotides.de.novo.biosynthesis",0.932210588178549,1,"PWY.7219:adenosine.ribonucleotides.de.novo.biosynthesis"
"PWY.1042:glycolysis.IV.(plant.cytosol)",0.932210588178549,1,"PWY.1042:glycolysis.IV.(plant.cytosol)"
"PWY.6168:flavin.biosynthesis.III.(fungi)",0.932210588178549,1,"PWY.6168:flavin.biosynthesis.III.(fungi)"
"GLYCOLYSIS:glycolysis.I.(from.glucose.6.phosphate)",0.934887200362667,1,"GLYCOLYSIS:glycolysis.I.(from.glucose.6.phosphate)"
"CALVIN.PWY:Calvin.Benson.Bassham.cycle",0.934887200362667,1,"CALVIN.PWY:Calvin.Benson.Bassham.cycle"
"RHAMCAT.PWY:L.rhamnose.degradation.I",0.934887200362667,1,"RHAMCAT.PWY:L.rhamnose.degradation.I"
"PWY.5675:nitrate.reduction.V.(assimilatory)",0.936298600136668,1,"PWY.5675:nitrate.reduction.V.(assimilatory)"
"PWY.5154:L.arginine.biosynthesis.III.(via.N.acetyl.L.citrulline)",0.943996333780886,1,"PWY.5154:L.arginine.biosynthesis.III.(via.N.acetyl.L.citrulline)"
"PWY.5913:partial.TCA.cycle.(obligate.autotrophs)",0.959200457818776,1,"PWY.5913:partial.TCA.cycle.(obligate.autotrophs)"
"PWY0.1477:ethanolamine.utilization",0.960576085920854,1,"PWY0.1477:ethanolamine.utilization"
"PWY.7761:NAD.salvage.pathway.II.(PNC.IV.cycle)",0.960576085920854,1,"PWY.7761:NAD.salvage.pathway.II.(PNC.IV.cycle)"
"PWY.5676:acetyl.CoA.fermentation.to.butanoate.II",0.96343156245751,1,"PWY.5676:acetyl.CoA.fermentation.to.butanoate.II"
"PWY.5104:L.isoleucine.biosynthesis.IV",0.966074641518952,1,"PWY.5104:L.isoleucine.biosynthesis.IV"
"PWY.5913:TCA.cycle.VI.(obligate.autotrophs)",0.966074641518952,1,"PWY.5913:TCA.cycle.VI.(obligate.autotrophs)"
"PWY.841:superpathway.of.purine.nucleotides.de.novo.biosynthesis.I",0.966601419247449,1,"PWY.841:superpathway.of.purine.nucleotides.de.novo.biosynthesis.I"
"PWY.5384:sucrose.degradation.IV.(sucrose.phosphorylase)",0.966706859094453,1,"PWY.5384:sucrose.degradation.IV.(sucrose.phosphorylase)"
"PWY.6609:adenine.and.adenosine.salvage.III",0.967417297543179,1,"PWY.6609:adenine.and.adenosine.salvage.III"
"PWY.7111:pyruvate.fermentation.to.isobutanol.(engineered)",0.967417297543179,1,"PWY.7111:pyruvate.fermentation.to.isobutanol.(engineered)"
"PWY.5103:L.isoleucine.biosynthesis.III",0.967417297543179,1,"PWY.5103:L.isoleucine.biosynthesis.III"
"PWY.1861:formaldehyde.assimilation.II.(RuMP.Cycle)",0.978746106063679,1,"PWY.1861:formaldehyde.assimilation.II.(RuMP.Cycle)"
"PWY0.166:superpathway.of.pyrimidine.deoxyribonucleotides.de.novo.biosynthesis.(E..coli)",0.98131846359638,1,"PWY0.166:superpathway.of.pyrimidine.deoxyribonucleotides.de.novo.biosynthesis.(E..coli)"
"PWY66.409:superpathway.of.purine.nucleotide.salvage",0.98131846359638,1,"PWY66.409:superpathway.of.purine.nucleotide.salvage"
"PWY.6147:6.hydroxymethyl.dihydropterin.diphosphate.biosynthesis.I",0.983297050123043,1,"PWY.6147:6.hydroxymethyl.dihydropterin.diphosphate.biosynthesis.I"
"ARO.PWY:chorismate.biosynthesis.I",1,1,"ARO.PWY:chorismate.biosynthesis.I"
"PWY66.400:glycolysis.VI.(metazoan)",1,1,"PWY66.400:glycolysis.VI.(metazoan)"
"PWY.4242:pantothenate.and.coenzyme.A.biosynthesis.III",1,1,"PWY.4242:pantothenate.and.coenzyme.A.biosynthesis.III"
"PWY.7184:pyrimidine.deoxyribonucleotides.de.novo.biosynthesis.I",1,1,"PWY.7184:pyrimidine.deoxyribonucleotides.de.novo.biosynthesis.I"
"PWY.7187:pyrimidine.deoxyribonucleotides.de.novo.biosynthesis.II",1,1,"PWY.7187:pyrimidine.deoxyribonucleotides.de.novo.biosynthesis.II"
"PWY.6936:seleno.amino.acid.biosynthesis.(plants)",1,1,"PWY.6936:seleno.amino.acid.biosynthesis.(plants)"
"THISYN.PWY:superpathway.of.thiamin.diphosphate.biosynthesis.I",1,1,"THISYN.PWY:superpathway.of.thiamin.diphosphate.biosynthesis.I"
"GLCMANNANAUT.PWY:superpathway.of.N.acetylglucosamine..N.acetylmannosamine.and.N.acetylneuraminate.degradation",1,1,"GLCMANNANAUT.PWY:superpathway.of.N.acetylglucosamine..N.acetylmannosamine.and.N.acetylneuraminate.degradation"
"TRPSYN.PWY:L.tryptophan.biosynthesis",1,1,"TRPSYN.PWY:L.tryptophan.biosynthesis"
"PWY.6292:superpathway.of.L.cysteine.biosynthesis.(mammalian)",1,1,"PWY.6292:superpathway.of.L.cysteine.biosynthesis.(mammalian)"
"PWY.6284:superpathway.of.unsaturated.fatty.acids.biosynthesis.(E..coli)",1,1,"PWY.6284:superpathway.of.unsaturated.fatty.acids.biosynthesis.(E..coli)"
"PWY0.862:(5Z).dodecenoate.biosynthesis.I",1,1,"PWY0.862:(5Z).dodecenoate.biosynthesis.I"
"PWY.6628:superpathway.of.L.phenylalanine.biosynthesis",1,1,"PWY.6628:superpathway.of.L.phenylalanine.biosynthesis"
"PWY.5367:petroselinate.biosynthesis",1,1,"PWY.5367:petroselinate.biosynthesis"
"PWY.7356:thiamine.diphosphate.salvage.IV.(yeast)",1,1,"PWY.7356:thiamine.diphosphate.salvage.IV.(yeast)"
"PWY.922:mevalonate.pathway.I.(eukaryotes.and.bacteria)",1,1,"PWY.922:mevalonate.pathway.I.(eukaryotes.and.bacteria)"
"PWY.6902:chitin.degradation.II.(Vibrio)",1,1,"PWY.6902:chitin.degradation.II.(Vibrio)"
"PWY.5910:superpathway.of.geranylgeranyldiphosphate.biosynthesis.I.(via.mevalonate)",1,1,"PWY.5910:superpathway.of.geranylgeranyldiphosphate.biosynthesis.I.(via.mevalonate)"
"PWY.6859:all.trans.farnesol.biosynthesis",1,1,"PWY.6859:all.trans.farnesol.biosynthesis"
"PWY.7858:(5Z).dodecenoate.biosynthesis.II",1,1,"PWY.7858:(5Z).dodecenoate.biosynthesis.II"
"TCA:TCA.cycle.I.(prokaryotic)",1,1,"TCA:TCA.cycle.I.(prokaryotic)"
"PWY.1269:CMP.3.deoxy.D.manno.octulosonate.biosynthesis.I",1,1,"PWY.1269:CMP.3.deoxy.D.manno.octulosonate.biosynthesis.I"
"ARGININE.SYN4.PWY:L.ornithine.de.novo..biosynthesis",1,1,"ARGININE.SYN4.PWY:L.ornithine.de.novo..biosynthesis"
"PWY.5690:TCA.cycle.II.(plants.and.fungi)",1,1,"PWY.5690:TCA.cycle.II.(plants.and.fungi)"
"PWY.7456:mannan.degradation",1,1,"PWY.7456:mannan.degradation"
"PWY.7391:isoprene.biosynthesis.II.(engineered)",1,1,"PWY.7391:isoprene.biosynthesis.II.(engineered)"
"GLUCUROCAT.PWY:superpathway.of.&beta;.D.glucuronosides.degradation",1,1,"GLUCUROCAT.PWY:superpathway.of.&beta;.D.glucuronosides.degradation"
"PWY.6969:TCA.cycle.V.(2.oxoglutarate.synthase)",1,1,"PWY.6969:TCA.cycle.V.(2.oxoglutarate.synthase)"
"PWY.6969:TCA.cycle.V.(2.oxoglutarate:erredoxin.oxidoreductase)",1,1,"PWY.6969:TCA.cycle.V.(2.oxoglutarate:erredoxin.oxidoreductase)"
"PWY.7316:dTDP.N.acetylviosamine.biosynthesis",1,1,"PWY.7316:dTDP.N.acetylviosamine.biosynthesis"
"PWY0.1061:superpathway.of.L.alanine.biosynthesis",1,1,"PWY0.1061:superpathway.of.L.alanine.biosynthesis"
"PWY.6263:superpathway.of.menaquinol.8.biosynthesis.II",1,1,"PWY.6263:superpathway.of.menaquinol.8.biosynthesis.II"
"PWY.5918:superpathay.of.heme.biosynthesis.from.glutamate",1,1,"PWY.5918:superpathay.of.heme.biosynthesis.from.glutamate"
"CRNFORCAT.PWY:creatinine.degradation.I",1,1,"CRNFORCAT.PWY:creatinine.degradation.I"
"PWY.5656:mannosylglycerate.biosynthesis.I",1,1,"PWY.5656:mannosylglycerate.biosynthesis.I"
"P124.PWY:Bifidobacterium.shunt",NA,NA,"P124.PWY:Bifidobacterium.shunt"
"PWY.7392:taxadiene.biosynthesis.(engineered)",NA,NA,"PWY.7392:taxadiene.biosynthesis.(engineered)"
"GLYCOLYSIS.E.D:superpathway.of.glycolysis.and.the.Entner.Doudoroff.pathway",NA,NA,"GLYCOLYSIS.E.D:superpathway.of.glycolysis.and.the.Entner.Doudoroff.pathway"
"FOLSYN.PWY:superpathway.of.tetrahydrofolate.biosynthesis.and.salvage",NA,NA,"FOLSYN.PWY:superpathway.of.tetrahydrofolate.biosynthesis.and.salvage"
"PWY.6293:superpathway.of.L.cysteine.biosynthesis.(fungi)",NA,NA,"PWY.6293:superpathway.of.L.cysteine.biosynthesis.(fungi)"
"PWY.6612:superpathway.of.tetrahydrofolate.biosynthesis",NA,NA,"PWY.6612:superpathway.of.tetrahydrofolate.biosynthesis"
"NAGLIPASYN.PWY:lipid.IVA.biosynthesis.(E..coli)",NA,NA,"NAGLIPASYN.PWY:lipid.IVA.biosynthesis.(E..coli)"
"PWY.8073:lipid.IVA.biosynthesis.(P..putida)",NA,NA,"PWY.8073:lipid.IVA.biosynthesis.(P..putida)"
"PWY.801:homocysteine.and.cysteine.interconversion",NA,NA,"PWY.801:homocysteine.and.cysteine.interconversion"
"HEME.BIOSYNTHESIS.II:heme.b.biosynthesis.I.(aerobic)",NA,NA,"HEME.BIOSYNTHESIS.II:heme.b.biosynthesis.I.(aerobic)"
"PWY0.1261:anhydromuropeptides.recycling.I",NA,NA,"PWY0.1261:anhydromuropeptides.recycling.I"
"PPGPPMET.PWY:ppGpp.metabolism",NA,NA,"PPGPPMET.PWY:ppGpp.metabolism"
"PWY.4321:L.glutamate.degradation.IV",NA,NA,"PWY.4321:L.glutamate.degradation.IV"
"PWY.5130:2.oxobutanoate.degradation.I",NA,NA,"PWY.5130:2.oxobutanoate.degradation.I"
"PWY.922:mevalonate.pathway.I",NA,NA,"PWY.922:mevalonate.pathway.I"
"P122.PWY:heterolactic.fermentation",NA,NA,"P122.PWY:heterolactic.fermentation"
"PWY.7883:anhydromuropeptides.recycling.II",NA,NA,"PWY.7883:anhydromuropeptides.recycling.II"
"PWY.5838:superpathway.of.menaquinol.8.biosynthesis.I",NA,NA,"PWY.5838:superpathway.of.menaquinol.8.biosynthesis.I"
"PWY.622:starch.biosynthesis",NA,NA,"PWY.622:starch.biosynthesis"
"PWY.7209:superpathway.of.pyrimidine.ribonucleosides.degradation",NA,NA,"PWY.7209:superpathway.of.pyrimidine.ribonucleosides.degradation"
"P185.PWY:formaldehyde.assimilation.III.(dihydroxyacetone.cycle)",NA,NA,"P185.PWY:formaldehyde.assimilation.III.(dihydroxyacetone.cycle)"
"P23.PWY:reductive.TCA.cycle.I",NA,NA,"P23.PWY:reductive.TCA.cycle.I"
"PWY.5918:superpathway.of.heme.b.biosynthesis.from.glutamate",NA,NA,"PWY.5918:superpathway.of.heme.b.biosynthesis.from.glutamate"
"PWY.5861:superpathway.of.demethylmenaquinol.8.biosynthesis",NA,NA,"PWY.5861:superpathway.of.demethylmenaquinol.8.biosynthesis"
"METSYN.PWY:superpathway.of.L.homoserine.and.L.methionine.biosynthesis",NA,NA,"METSYN.PWY:superpathway.of.L.homoserine.and.L.methionine.biosynthesis"
"PWY.5861:superpathway.of.demethylmenaquinol.8.biosynthesis.I",NA,NA,"PWY.5861:superpathway.of.demethylmenaquinol.8.biosynthesis.I"
"PWY.7196:superpathway.of.pyrimidine.ribonucleosides.salvage",NA,NA,"PWY.7196:superpathway.of.pyrimidine.ribonucleosides.salvage"
"PWY66.367:ketogenesis",NA,NA,"PWY66.367:ketogenesis"
"PWY.6876:isopropanol.biosynthesis",NA,NA,"PWY.6876:isopropanol.biosynthesis"
"PWY.6895:superpathway.of.thiamine.diphosphate.biosynthesis.II",NA,NA,"PWY.6895:superpathway.of.thiamine.diphosphate.biosynthesis.II"
"PWY.5138:unsaturated..even.numbered.fatty.acid.&beta;.oxidation",NA,NA,"PWY.5138:unsaturated..even.numbered.fatty.acid.&beta;.oxidation"
"PWY.5845:superpathway.of.menaquinol.9.biosynthesis",NA,NA,"PWY.5845:superpathway.of.menaquinol.9.biosynthesis"
"PWY.5850:superpathway.of.menaquinol.6.biosynthesis.I",NA,NA,"PWY.5850:superpathway.of.menaquinol.6.biosynthesis.I"
"PWY.5896:superpathway.of.menaquinol.10.biosynthesis",NA,NA,"PWY.5896:superpathway.of.menaquinol.10.biosynthesis"
"PWY.5791:1.4.dihydroxy.2.naphthoate.biosynthesis.II.(plants)",NA,NA,"PWY.5791:1.4.dihydroxy.2.naphthoate.biosynthesis.II.(plants)"
"PWY.5837:1.4.dihydroxy.2.naphthoate.biosynthesis.I",NA,NA,"PWY.5837:1.4.dihydroxy.2.naphthoate.biosynthesis.I"
"PWY.7371:1.4.dihydroxy.6.naphthoate.biosynthesis.II",NA,NA,"PWY.7371:1.4.dihydroxy.6.naphthoate.biosynthesis.II"
"PWY.5464:superpathway.of.cytosolic.glycolysis.(plants)..pyruvate.dehydrogenase.and.TCA.cycle",NA,NA,"PWY.5464:superpathway.of.cytosolic.glycolysis.(plants)..pyruvate.dehydrogenase.and.TCA.cycle"
"PWY.5860:superpathway.of.demethylmenaquinol.6.biosynthesis.I",NA,NA,"PWY.5860:superpathway.of.demethylmenaquinol.6.biosynthesis.I"
"PWY.5862:superpathway.of.demethylmenaquinol.9.biosynthesis",NA,NA,"PWY.5862:superpathway.of.demethylmenaquinol.9.biosynthesis"
"PWY0.1415:superpathway.of.heme.biosynthesis.from.uroporphyrinogen.III",NA,NA,"PWY0.1415:superpathway.of.heme.biosynthesis.from.uroporphyrinogen.III"
"PWY.5863:superpathway.of.phylloquinol.biosynthesis",NA,NA,"PWY.5863:superpathway.of.phylloquinol.biosynthesis"
"PWY.7992:superpathway.of.menaquinol.8.biosynthesis.III",NA,NA,"PWY.7992:superpathway.of.menaquinol.8.biosynthesis.III"
"PWY.5304:superpathway.of.sulfur.oxidation.(Acidianus.ambivalens)",NA,NA,"PWY.5304:superpathway.of.sulfur.oxidation.(Acidianus.ambivalens)"
"METHGLYUT.PWY:superpathway.of.methylglyoxal.degradation",NA,NA,"METHGLYUT.PWY:superpathway.of.methylglyoxal.degradation"
"PWY.3781:aerobic.respiration.I.(cytochrome.c)",NA,NA,"PWY.3781:aerobic.respiration.I.(cytochrome.c)"
"ARGDEG.PWY:superpathway.of.L.arginine..putrescine..and.4.aminobutanoate.degradation",NA,NA,"ARGDEG.PWY:superpathway.of.L.arginine..putrescine..and.4.aminobutanoate.degradation"
"ORNARGDEG.PWY:superpathway.of.L.arginine.and.L.ornithine.degradation",NA,NA,"ORNARGDEG.PWY:superpathway.of.L.arginine.and.L.ornithine.degradation"
"PWY.6834:spermidine.biosynthesis.III",NA,NA,"PWY.6834:spermidine.biosynthesis.III"
"PWY.5971:palmitate.biosynthesis.II.(bacteria.and.plants)",NA,NA,"PWY.5971:palmitate.biosynthesis.II.(bacteria.and.plants)"
"PWY.5920:superpathway.of.heme.biosynthesis.from.glycine",NA,NA,"PWY.5920:superpathway.of.heme.biosynthesis.from.glycine"
"PWY.6113:superpathway.of.mycolate.biosynthesis",NA,NA,"PWY.6113:superpathway.of.mycolate.biosynthesis"
"PWY.6863:pyruvate.fermentation.to.hexanol.(engineered)",NA,NA,"PWY.6863:pyruvate.fermentation.to.hexanol.(engineered)"
"P163.PWY:L.lysine.fermentation.to.acetate.and.butanoate",NA,NA,"P163.PWY:L.lysine.fermentation.to.acetate.and.butanoate"
"REDCITCYC:TCA.cycle.VI.(Helicobacter)",NA,NA,"REDCITCYC:TCA.cycle.VI.(Helicobacter)"
"PWY.6318:L.phenylalanine.degradation.IV.(mammalian..via.side.chain)",NA,NA,"PWY.6318:L.phenylalanine.degradation.IV.(mammalian..via.side.chain)"
"PWY.6953:dTDP.3.acetamido.&alpha;.D.fucose.biosynthesis",NA,NA,"PWY.6953:dTDP.3.acetamido.&alpha;.D.fucose.biosynthesis"
"PWY.7013:(S).propane.1.2.diol.degradation",NA,NA,"PWY.7013:(S).propane.1.2.diol.degradation"
"PWY.7003:glycerol.degradation.to.butanol",NA,NA,"PWY.7003:glycerol.degradation.to.butanol"
"PWY.6583:pyruvate.fermentation.to.butanol.I",NA,NA,"PWY.6583:pyruvate.fermentation.to.butanol.I"
"ORNDEG.PWY:superpathway.of.ornithine.degradation",NA,NA,"ORNDEG.PWY:superpathway.of.ornithine.degradation"
"HCAMHPDEG.PWY:3.phenylpropanoate.and.3.(3.hydroxyphenyl)propanoate.degradation.to.2.oxopent.4.enoate",NA,NA,"HCAMHPDEG.PWY:3.phenylpropanoate.and.3.(3.hydroxyphenyl)propanoate.degradation.to.2.oxopent.4.enoate"
"PWY.6690:cinnamate.and.3.hydroxycinnamate.degradation.to.2.oxopent.4.enoate",NA,NA,"PWY.6690:cinnamate.and.3.hydroxycinnamate.degradation.to.2.oxopent.4.enoate"
"PWY1G.0:mycothiol.biosynthesis",NA,NA,"PWY1G.0:mycothiol.biosynthesis"
"PWY.7090:UDP.2.3.diacetamido.2.3.dideoxy.&alpha;.D.mannuronate.biosynthesis",NA,NA,"PWY.7090:UDP.2.3.diacetamido.2.3.dideoxy.&alpha;.D.mannuronate.biosynthesis"
"PWY.5705:allantoin.degradation.to.glyoxylate.III",NA,NA,"PWY.5705:allantoin.degradation.to.glyoxylate.III"
"PWY.7204:pyridoxal.5'.phosphate.salvage.II.(plants)",NA,NA,"PWY.7204:pyridoxal.5'.phosphate.salvage.II.(plants)"
